Adjustment_Set,n=2000
"B2,G1",0.00749045411934378
"B2,G1,G2",0.0015527156129115421
"G1,G2",0.00055813766642593
