Adjustment_Set,n=500,n=1000
"B1,G1,G2",0.004048337986426798,0.004023786745949412
"B1,G2",0.007187369871047897,0.006625468356531419
"G1,G2",0.001524040459461263,0.000990701754800737
