Adjustment_Set,n=250
"B2,G1",0.010210666073733703
"B2,G1,G2",0.005017675991615216
"G1,G2",0.0029522237085873
