Adjustment_Set,n=250
"B1,G1,G2",0.00585787725555194
"B1,G2",0.009967122044776552
"G1,G2",0.002749228094610417
