Adjustment_Set,n=500
"B1,G1,G2",0.004048337986426798
"B1,G2",0.007187369871047897
"G1,G2",0.001524040459461263
